{"cameraMode":{"drawMode":0,"name":"Shaded","section":"Shading Mode"},"sceneLighting":false,"audioPlay":false,"sceneViewState":{"m_AlwaysRefresh":false,"showFog":true,"showSkybox":false,"showFlares":true,"showImageEffects":true,"showParticleSystems":true,"showVisualEffectGraphs":true,"m_FxEnabled":true},"in2DMode":false,"pivot":{"x":2.840826988220215,"y":1.3952242136001588,"z":1.1733769178390504},"rotation":{"x":0.03683672845363617,"y":-0.9590964317321777,"z":0.14820115268230439,"w":0.23837579786777497},"size":0.8660253882408142,"orthographic":false}